modality,min,max,p1,p99_5
T1,0.0,24520.1328125,0.0,3532.60205078125
T2,0.0,26029.0,0.0,5053.0654296875
