run,normalization,mse,rmse,ssim
U-Net + global,global min-max,0.00037212805041840914,0.019290620788829194,0.8559198759642005
ResUNet + global,global min-max,0.0005799298815615039,0.0240817333587411,0.902883778902537
Baseline + global,global min-max,0.0006669834202948417,0.025826022153921453,0.928267178839444
U-Net + percentile,percentile min-max,0.0015798030204321972,0.039746735972054324,0.3632074933016177
Baseline + percentile,percentile min-max,0.0017435748807585194,0.04175613584562776,0.8011123826162617
