view,mse,mae
axial,0.0005966305352775922,0.006579902017823397
coronal,0.0007231575014650408,0.006597309143983453
sagittal,0.00042607898081340725,0.006288296303079507
